Unnamed: 0,Text,final_answer
0,"rt @upark_network: upark presents a mobile-based parking reservation solution that, through innovative use of blockchain and nft technologyâ€¦",0
1,"rt @themanoban_walk: ready to start the new week, guys?

i vote for #mtvlakpoplisa #mtvlafandomlisa #mtvlahitmoney at this year is #premiosmâ€¦",0
2,"rt @eithanjames1214: something coming up on @bhavishfinance 

#defi #predictionmarket #altcoins 
 #cryptocurrencies",1
3,"rt @crypto_stephe: retweet and like if you remember this and didn't give up on $doge

@elonmusk
@mattwallace888

#doge #dogecoin #dogeâ€¦",0
4,"#cryptocurrency market is trading sideways today with some cryptocurrencies in the green and some in the red. bitcoin is now trading around $19,000 and ethereum is trading above $1,0000bitcoin dominance: 43.15%;
fear greed index: 11 (extreme fear);
market capitalization: $840 btc",1
5,"rt @metablackmoon: 10.000$ busd giveaway 

we are giving away 10.000 busd to 20 lucky winners (500 busd for each one)  #nft #cryptocurreâ€¦",0
6,"rt @r_deschain_19: @whaleeverything a legitimate #crypto project?

join #everearn the best in #defi.
11% #busd rewards forever! 
staking oâ€¦",7
7,@lordboglin #bitcoin after #investing new #career #careers #crypto,5
8,rt @gokhshteinmedia: voyager tweeted out earlier today that their doing everything possible to make sure that their exchange is around forâ€¦,0
9,"rt @thechainmedia: if you can onlyhold one of these #altcoins, which one would you pick? 

$zil

$egld 

$xrp

$kda

$xtz 

$hbar

$algoâ€¦",0
10,"rt @lsmtrends:  [info] - czar van gaal, print editor of v magazine (@vmagazine) and v man (@vman), is now following #lisa on instagram. â€¦",0
11,"rt @shidofinance: shido giveaway!  let is start the week with a bang 

retweet, join tg &amp; tag 2 friends + #shidofinance in this post and yâ€¦",0
12,"rt @jedi_jess9: @cryptoemdarks #bullish on @dokentoken

#dokenchain testnet live!#dex in the works  candyswap

#dokenpad: launch #preâ€¦",0
13,rt @gokhshteinmedia: voyager tweeted out earlier today that their doing everything possible to make sure that their exchange is around forâ€¦,0
14,"rt @jedi_jess9: @cryptoemdarks #bullish on @dokentoken

#dokenchain testnet live!#dex in the works  candyswap

#dokenpad: launch #preâ€¦",0
15,"rt @hmmlalisa: weâ€™re slowly losing our progress. less than a week left. can we try to double our pace? 

i vote for #mtvlakpoplisa 
#mtvlaâ€¦",0
16,"rt @cryptobusy:  $1,000 #giveaway 

to enter:

 follow @cryptobusy
 like this tweet

winner announced in 1 hour!!

#bitcoinÂ Â #crypto",7
17,"rt @nfh_app: what is polygon and why will non-fungible history be deployed there?

  

#cryptocurrency #crypto #blâ€¦",0
18,@ashleydcan congratulations for everything you do for breast cancer  your a hero of mine lfg #dogecoin #tristhecat2021 #enhancedapes #doonlygoodeveryday #spreadlovenotfud,7
19,"rt @globaltechg: join the #challenge now!

#wellai #health #healthylifestyle #healthcare #healthy #healthforall #fitâ€¦",0
20,"check this on opensea!  via @opensea 

#nftcommunity #crypto #nfts #cryptocurrency #art #nftart #nft #ethereum #polygon",0
21,"rt @lilieshome_: mtv miaw twitter party 

27 mins left, lilies fighting!!

can you give us 127 rt &amp; replies

i vote for #mtvlakpoplisa
#mâ€¦",0
22,"rt @digital_diary1:  @mintdao_io announces its partnership with @axelarcore

 axelar is the universal overlay network, delivering secureâ€¦",0
23,"#bitcoin #bitcoinindonesia #ido #bitcoinnews #nftcollectible #nftcollection #nftdrop #nftartist #blockchaintechnology #blockchainnews 

a project that can maintain all possible and technological methods and financing arrangements.this project an amazing project.",2
24,"rt @jordanomiko: @puli_token #puli #pulifam #pulinft 

#altcoins #binance #bnb #memecoin #Ã—100gems",0
25,"hey @vladtenev, why wonâ€™t you respond to a user?! why wonâ€™t you #freeourdoge? 

@askrobinhood #robinhood #doge #dogecoin #investing #cnbc #crypto #bitcoin #eth #nfts @teslaaibot",0
26,"rt @joshuamilete: @cryptorob1966 #feenixv2 platform will serve as a gaming hub offering the hottest blockchain games, nfts and host our excâ€¦",0
27,"vote on website and twitter guys 

i vote for #mtvlakpoplisa #mtvlafandomlisa #mtvlahitmoney for this year is #premiosmtvmiawÂ  
#lisa #lalisa #money #sg",0
28,crypto news: yuga labs sues artist ryder #ripps for  #accusations #bayc #bayccommunity #bayccreators #bitcoin #bitcoinnews #boredapeyachtclub #boredapes #btc #btcusd #crypto #cryptocoin #cryptocurrency #gordongoner #lawsuit #lawsuitnft #legaloptions #nft,0
29,"rt @livepricecrypto: #bitcoin last price $19299 #btc 
daily indicators:
â€¢variation since 00h00(utc): +0.23%
â€¢macd:
 -macd line: -1981
 -siâ€¦",0
30,"#usdcusdt #usdc 
signal #2 

last signal: 1234 mins ago 
before: 1.00120000 
after: 1.00120000 (0.00%) 
volume chng: 6,005,515 usdt (6.24%) 

daily 
price chng: (-0.01%) 
volume: 102,075,324 usdt 

pro   

#crypto #bitcoin #btc #eth",1
31,"the first book of @crosstheages is finished 

have you read it yet ? 
what are you waiting for ?
it is free completely 

#gemdiggers #bitcoin #cryptocurrency #crypto #blockchain #forex #btc #ethereum #money #trading #bitcoinmining #investment #business #forextrader",4
32,rt @documentingbtc: #bitcoin was the missing piece of the #internet,3
33,"rt @livepricecrypto: #bitcoin last price $19309 #btc 
daily indicators:
â€¢variation since 00h00(utc): +0.28%
â€¢macd:
 -macd line: -1981
 -siâ€¦",0
34,set your stops and forget the rest with forex autotrader! guaranteed portfolio growth!  #forex #forexnews #daytrader,7
35,"rt @_mintydoge: happy independence day, americans.
#dogecoin",0
36,"rt @ftx_official: as the big game kick off gets closer, we're about to kick off one of the largest #bitcoin giveaways ever!

let is make todâ€¦",0
37,"rt @old_soon: doge, the only crypto cool enough to board through space  #dogecoin",1
38,"rt @trade_2022: #forexsignalsservice #trade #traders #bitcoin
#cryptocurrency #trader #forexsignal #binary
#forexsignalslive #tradecommandâ€¦",0
39,"rt @commercialeseme: top 10 cybersecurity companies

#artificialintelligence #kÃ¼nstlicheintelligenz
Â #100daysofcode #cybersecurityÂ #blockchâ€¦",0
40,"@dlordtoken 
#dlord #digitallandlord #crypto #blockchain # #cryptocurrency #blockchaintechnology #stablecoin this is a really good opportunity. i have chosen and completely believe in this project. one of the most promising and successful projects to date! i advise",2
41,"rt @loyalisa_327: have a great new week ahead, y'all!

i vote for #mtvlakpoplisa
#mtvlafandomlisa
#mtvlahitmoney at this year is #premiosmtvâ€¦",0
42,rt @partyguy6969: #everrise $rise #everrisev3 #everrevoke #defi #crypto #cryptocurrency #ethereum #nftcommunity #avax #polygon #everown #evâ€¦,0
43,#dogecoin is just barely getting started,3
44,rt @gokhshteinmedia: voyager tweeted out earlier today that their doing everything possible to make sure that their exchange is around forâ€¦,0
45,rt @tjbradley1992: lets do this #pdf thing #nftcommunity #nfts @grandpaapes drop a follow for the most fire #crypto #forex content out theâ€¦,0
46,nft marketing guide: strategies and insights for small businesses and startups - crowdspring blog  via @crowdspring #nftartist #cryptocurrency #nftart #crypto #blockchain #ethereum,0
47,"rt @karrie20797602: @hmmlalisa we can make it!! let is go lilies! for lisa 

i vote for #mtvlakpoplisa
#mtvlafandomlisa #mtvlahitmoney at thâ€¦",0
48,rt @farzadahangi: lets go. #dogecoin to the moooooooooooooooooooooooooooooooooooooooooooooooooooooooooooooooooooooooooooooooooooooon @elonmâ€¦,0
49,rt @soldnever: @mattwallace888 i exchanged all of my #bitcoin for #dogecoin april 9th-13th last year but elon musk will be the 1st person tâ€¦,0
50,"rt @old_soon: doge, the only crypto cool enough to board through space  #dogecoin",1
51,"rt @laliceupdates: [220703] - sk_kim_photo ig updates with #lisa: 

 
  

#lisaxceline

i vâ€¦",0
52,"why don't american men live longer?

#financeÂ #moneyÂ #businessÂ #cryptoÂ #bigtechÂ #iotÂ #chinaÂ #blockchainÂ #hongkongÂ #entrepreneurÂ #investmentÂ #singaporeÂ #wealthÂ #forexÂ #investÂ #investingÂ #digitalidentityÂ #biometricsÂ #cryptoÂ #securityÂ #cybersecurityÂ #authentâ€¦",0
53,rt @cryptoworldjosh: massive #crypto news! check it out,1
54,"rt @themanoban_walk: ready to start the new week, guys?

i vote for #mtvlakpoplisa #mtvlafandomlisa #mtvlahitmoney at this year is #premiosmâ€¦",0
55,rt @richardheartwin: i'm basking in glory while other founders have gone into hiding. #celsius #luna #blockfi @zhusu @stablekwon #bitcoinâ€¦,0
56,"rt @sdpsycho07: get a $500 crypto voucher now!

#cryptocurrency 
#bitcoins #crypto",7
57,"rt @talesotcrypto: lands! 

get them on sunday 3rd

special whitelist 19:30 utc
public 20:30 utc

here: 

find out mâ€¦",0
58,"rt @martiniguyyt: are you buying any #altcoins yet?

i have been buying a few",5
59,"rt @jordanomiko: @puli_token #puli #pulifam #pulinft 

#altcoins #binance #bnb #memecoin #Ã—100gems",0
60,rt @watcherguru: fun fact:  north korea is the world leader in #cryptocurrency crime.,1
61,"rt @lll2914: @hmmlalisa vote for our lisa 

i vote for #mtvlakpoplisa 
#mtvlafandomlisa 
#mtvlahitmoney at this year is #premiosmtvmiaw 
#liâ€¦",0
62,"rt @vinusquad: don't forget to join our burning event today. there will be of burns and rain  $vinu 

( the event will start at exactly 1â€¦",0
63,"rt @chainbytes: we love to see this for #mexico and especially from our good friend @indirakempis.

in a country where 56% of the populatioâ€¦",0
64,"rt @metablackmoon: 10.000$ busd giveaway 

we are giving away 10.000 busd to 20 lucky winners (500 busd for each one)  #nft #cryptocurreâ€¦",0
65,why iâ€™m cryptophobic Â· bessemer venture partners -  - #regulation #regulations #cryptocurrencies #crypto #trading #investment #bitcoin,1
66,rt @gokhshteinmedia: voyager tweeted out earlier today that their doing everything possible to make sure that their exchange is around forâ€¦,0
67,"rt @daodvrs: welcome to daoverse:




#dao #daos #cryptotrading #cryptocurrency #x1000gem hâ€¦",0
68,"@cryptoworld202 join our global impact team @ solar oil project. stake #smartcontracts to earn #ethereum or #bitcoin by modernizing abandoned oil wells.

 free registration 

join  

#oilmarket #oilindustry #oilprices #oilandgas #oil #defi #definews #oott #eth #btc",1
69,"rt @lililililili_m: @hmmlalisa keep voting fam!

i vote for #mtvlakpoplisa
#mtvlafandomlisa
#mtvlahitmoney at this year is #premiosmtvmiawâ€¦",0
70,rt @gokhshteinmedia: voyager tweeted out earlier today that their doing everything possible to make sure that their exchange is around forâ€¦,0
71,$ions  ionis pharmaceuticals inc the network lets us believe the price of this stock has a favorable short term setup and has supportive long term fundamentals #investing #forex #trader,1
72,dogecoin mining and different methods  #cryptocurrency #forex,0
73,"rt @shidofinance: shido giveaway!  let is start the week with a bang 

retweet, join tg &amp; tag 2 friends + #shidofinance in this post and yâ€¦",0
74,rt @selenaroyf: rt  if you want @mcdonalds to accept $doge  who else didnt give up on #dogecoin ?,5
75,rt @godsbusinessway: 07-02-2022 #christianbusiness untitled document forex #forex ways to make money online and offline working from home bâ€¦,0
76,"@peterschiff if only you were holding it on some sort of device that can't be frozen. if they closed you bank, peter, is it really your money? 
#bitcoin",3
77,what you need to do to win  meet $vinu#bitcoin #btc #ethereum #altcoins #bsc #bnb #web3 #shib #dogecoin #metaverse #defiâ€¦,0
78,"#ethereum eth price news today - ...



#crypto #cryptocurrency #currency #ethtechnicalanalysis #ethereum2022priceprediction #ethereumchartanalysis #ethereumcrypto #ethereumcryptocurrency #ethereumelliottwaves #ethereumeth #ethereumnews",1
79,"#dlord #digitallandlord #crypto #blockchain #cryptocurrency #blockchaintechnology #stablecoin
needforturbo bounty: this project has an outstanding team that really helps bring the best out of a project. i hope this project will gain success in near future.",2
80,rt @tamas21415136: luna classic ganghow i calculated the 1.2% all transactions with 500m volume/24h will burn 600b/y witch is freaking craâ€¦,0
81,tropical storm bonnie to become hurricane off mexico coast sunday  via fxempire #forex #fx,0
82,"create your own #blockchain-based identity on the @assetmantle nft marketplace as mantleplace v0.1.0-alpha is out.

it is easy. just go to  and sign in.

let is join hands in redefining digital #asset ownership .

$mntl $atom #cosmos",0
83,"i vote for #mtvlakpoplisa 
#mtvlafandomlisa 
#mtvlahitmoney at this year is #premiosmtvmiaw2022 
#lisa #lalisa #money",0
84,"rt @john_is_whale: what will be the main story of 2022?

#lunc #bitcoin #ethereum",3
85,"this is a very cool modern project! this company includes the best quality to become a market leader! we are seeing huge growth! the company is gaining momentum 
#dlord #digitallandlord #crypto #blockchain #cryptocurrency #blockchaintechnology #stablecoin",1
86,"breaking news!!! i'm in the news with my song mission to the moon (doge1) which is absolutely amazing for a builder from leeds 
@mattwallace888
@elonmusk
@business
@theunderdoge3
@dogeaccept
#doge #dogecoin #dogecointothemoon
#dogearmy #dogefather",0
87,"#bitcoin last price $19311 #btc 
daily indicators:
â€¢pivot fibonacci:
 -support 1: 17677
 -s2: 14285
 -s3: 8794
 -middle: 23168
 -resistance 1: 28659

#ethereum last price $1075 #eth
â€¢pivot:
 -s1: 890
 -s2: 632
 -s3: 215
 -m: 1308
 -r1: 1725

#crypto #defi
(3/3)
143297",1
88,"successful investing takes time, discipline and patience. no matter how great the talent or effort, some things just take time. #sealemlab @sealemlab #bsc #gem #gamefi #crypto #defi #nft",1
89,rt @themooncarl: which #altcoins will survive the  market?,5
90,"@crypto_cora_ hear the good things about @pussdao!
it will simply continue to build the future of cat-based #crypto.

 $puss is rug proof.
 the contract is locked in liquidity for 1 year.
 renounced the smart contract

go and get in now before it is too late!",2
91,rt @themerklehash: top 4 web 3.0 tokens below $100m market cap to watch in july 2022  #cryptotwitter #cryptomarket #â€¦,0
92,argentine president scrambles to replace economy chief after guzman exit  via fxempire #forex #fx,1
93,"#bitcoin last price $19308 #btc 
daily indicators:
â€¢pivot fibonacci:
 -support 1: 17677
 -s2: 14285
 -s3: 8794
 -middle: 23168
 -resistance 1: 28659

#ethereum last price $1076 #eth
â€¢pivot:
 -s1: 890
 -s2: 632
 -s3: 215
 -m: 1308
 -r1: 1725

#crypto #defi
(3/3)
143234",1
94,rt @whoisaims: buy lowâ€¦ a!ms high! #btc #eth #altcoins #cryptocurrency #crypto #cryptotrading #nft #nfts #nftcommunity,0
95,"by going beyond your own problems and taking care of others, you gain inner strength, self-confidence, courage, and a greater sense of calm. -dalai lama 
#motivation #inspiration #dogecoin #doge #doonlygoodeveryday",0
96,"this right here is why #bitcon is not more widely adopted.

pumping companies that are not perfectly clear that #bitcoin stands alone, are how noobs get #rekt, and scammers like this keep getting richer.

@simondixontwitt is another one helping rug pulls and liquidations happen.",2
97,"rt @ksntoken: make money with ksn token.
1. invest
2. earn
3. trade
.
.
for more detailed info, go to our website 
.â€¦",0
98,rt @gokhshteinmedia: voyager tweeted out earlier today that their doing everything possible to make sure that their exchange is around forâ€¦,0
99,"rt @daodvrs: welcome to daoverse:




#dao #daos #cryptotrading #cryptocurrency #x1000gem hâ€¦",0
100,let is gooo we eating here just trimmed first 15% up 30% on fills under 9$ #swing #bitcoin #crypto #altcoins,1
101,rt @gokhshteinmedia: voyager tweeted out earlier today that their doing everything possible to make sure that their exchange is around forâ€¦,0
102,"rt @jedi_jess9: @cryptoemdarks #bullish on @dokentoken

#dokenchain testnet live!#dex in the works  candyswap

#dokenpad: launch #preâ€¦",0
103,"rt @xhashtagio: tour de gatechain is here - a marathon like never before! 

take part in 2 simple tasks and win guaranteed #soulswagsandâ€¦",0
104,"the project has valuable demand to developed for using best.i truly think this venture is excessively great.
#crypto #cryptocurrecy #cryptotwitter #cryptoworld #cryptomemes #memes2022 #cryptomoney #memesdaily",7
105,voting on #blockchain should be a no brainer. saves money and prevents fraud. you can vote from your couch. no more long lines !,2
106,"$boba is going 1$ guaranteed 

#cryptotrade #cryptocurency #cryptoworld #cryptonews #crypto #cryptotrading $btc $eth @whale_sniper @whale_alert @thedailyhodl",1
107,"rt @lilieshome_: can you give us 127 rt &amp; replies please

i vote for #mtvlakpoplisa
#mtvlafandomlisa #mtvlahitmoney at this year is #premiosâ€¦",0
108,"rt @daodvrs: welcome to daoverse:




#dao #daos #cryptotrading #cryptocurrency #x1000gem hâ€¦",0
109,"rt @jedi_jess9: @cryptogems555 @euphoricblissco

@tommychong @1goonrich

an infused pre-roll cannabis company w/a solid project &amp; communitâ€¦",0
110,rt @documentingbtc: #bitcoin was the missing piece of the #internet,3
111,"rt @commercialeseme: why enterprises are looking at hybrid cloud?

#artificialintelligence #kÃ¼nstlicheintelligenz
Â #100daysofcode #cybersecâ€¦",0
112,"rt @blackcentaurfx: glacier collapses in italian alps, killing at least six  via fxempire #forex #fx",1
113,first time watch a basketball game ever.. go aliens  #doge #dogecoin,0
114,"rt @not_so_fungible: #crosschain #nftgiveaway 

our good friends over on #cro @dragonsofthew gave us the green light to give this bad boyâ€¦",0
115,"rt @ania_mima: get closer to your #dreams step by step with #shibainu2 .


website:


#shibainu2 #crypto #lunarcrâ€¦",0
116,@voltinuofficial @mauroboselli @directvsports generation wealth#voltinu #voltarmy #elonvoltinu #muskvolt #elonmustvolt #voltesla #voltinu100x #voltinucmc #bitcoin #voltswap #cryptocurrency #fomo #shibarmy #1000xcoin #1000xgems #tsla #voltinuofficial #shibainu #ethereum @cryptocom @gate_io #dogearmy #dogecoin,0
117,rt @center_forex: oil q3 2022 forecast: rising output to coincide with easing demand  |  |â€¦,1
118,"#dlord #digitallandlord #crypto #blockchain # #cryptocurrency #blockchaintechnology #stablecoin
this is an excellent project, it will continue to grow. this is the best tool, they have passed a great step in the development and use of blockchain.",2
119,"block 743513  

 3rd jul 2022, 23:50:51 gmt

 400 tx with a value of 2,000.737 â‚¿ ($38.61m )

 distributed to 1,057 recipients 

 19,084,462.50 â‚¿ (90.87839%) mined 

 1,915,537.50 â‚¿ remaining 

#bitcoin #tictoknextblock",1
120,rt @medicinemanwalk: #dogecoin #holding strong in the green ready to break out #dogefam #diamondhands #doge #dogecointothemoon,1
121,"this bear market is an opportunity to finally realign and deliver on the utopian promise of cryptoâ€™s heady early days.

#bitcoin #blockchain #cryptocurrency",1
122,"#bitcoin last price $19246 #btc 
daily indicators:
â€¢variation since 00h00(utc): -0.04%
â€¢macd:
 -macd line: -1986
 -signal line: -2173

#ethereum last price $1072 #eth
â€¢variation: +0.49%
â€¢macd:
 -macd line: -143
 -signal line: -166

#crypto #web3
(2/3)
143275",1
123,"rt @phantasmabot_: phantasma was featured on yahoo finance! 

""phantasma is now a carbon negative blockchain"" 
""next-generation #blockchainâ€¦",1
124,"rt @whaleventures1: â€œif you donâ€™t believe it or donâ€™t get it, i donâ€™t have the time to try to convince you, sorry.â€ 

â€“ satoshi nakamoto

#â€¦",0
125,"rt @updateslalisatr: â€œeven bernard arnault (ceo of lvmh) got up from his front row seat to catch a glimpse of the roaring crowd, clearly prâ€¦",0
126,"while regulators ask for more rules, bitcoin continues to produce blocks. 

bitcoin consensus is sustainable, fiat politics is not. but go ahead, try to make more rules; bitcoin really doesn't care what you do.

#ticktocknextblock #bitcoin",1
127,"rt @nfh_app: what is polygon and why will non-fungible history be deployed there?

  

#cryptocurrency #crypto #blâ€¦",0
128,"rt @mylovelisa1217: my queen 

i vote for #mtvlakpoplisa
#mtvlafandomlisa
#mtvlahitmoney at this year is #premiosmtvmiaw 
#lisa #lalisa #monâ€¦",0
129,"i believe it is capable of achieving great success very quickly. this project attracts investors. the truth is that this project is indeed a great opportunity to achieve success.
#dlord #digitallandlord #crypto #blockchain #cryptocurrency #blockchaintechnology #stablecoin",2
130,#liloledickey official #nftdrop today! #volume1 #nft #nftart #art #nfts #crypto #nftartist #digitalart #nftcommunity #nftcollector #ethereum #cryptocurrency #opensea #blockchain #artist #eth #metaverse #nftcollectors #artwork #nftdrop #nftcollectibles #openseanft #nftcollection,0
131,"such a smart and extraordinary project project in virtual crypto life. it is most essential in our future world. i am glad to support this smart community. it must work.
#dlord #digitallandlord #crypto #blockchain #cryptocurrency #blockchaintechnology #stablecoin",2
132,"rt @magnummeta: magnummeta is network is growing and is set to see exponential growth as we head into web 3.

by joining our network, you toâ€¦",0
133,"rt @lilieshome_: we mean it, a worldwide success

#lisaxceline #lisa #lalisa #money",0
134,"this project deserve your attention,to the magnificent and has a great future.this project has a strong team that will bring success and i would definitely recommend it to you guys.
#dlord #digitallandlord #crypto #blockchain # #cryptocurrency #blockchaintechnology #stablecoin",2
135,"#dlord #digitallandlord #crypto #blockchain # #cryptocurrency #blockchaintechnology #stablecoin
the project is excellent and worthy in the crypto industry. i think this project will work and it works because this project has a great team always giving creative ideas #dlord",7
136,"rt @digital_diary1:  @atnirex welcomes @acadexnetwork as their new partner

 #acadex is blockchainâ€™s first proof of knowledge (pok) netwoâ€¦",0
137,been backtesting on #forex the past hours this are the cleanest setups i could find. chart looks messy now but at least i marked everything so you know the reasons behind the trades.,4
138,"rt @note3261: à¸à¸”à¹‚à¸«à¸§à¸• 10 à¸„à¸£à¸±à¹‰à¸‡à¸•à¹ˆà¸­ 10 à¸§à¸´à¸™à¸²à¸—à¸µà¸„à¹ˆà¸°

dominio kpop
 

hit global del aÃ±o
 

best fâ€¦",0
139,"rt @avondroodart: join nft plug discord 

learn about web3 
connect with others and grow! 
 

#nft #nfts #web3â€¦",0
140,"rt @commercialeseme: top 10 most popular ai trends of the 2022 year

#artificialintelligence #kÃ¼nstlicheintelligenz
Â #100daysofcode #cybersâ€¦",0
141,"samsung enters the bitcoin mining industry as it begins producing a
3nm asic chip.

#crypto #cryptonews #bitcoin #bitcoinnews #cryptoglobelnews #cryptocurrencynews #trading #btc #btcnews #blockchain #defi #daos #dao #web3 #bitcoinminer #samsung #samsungminer",1
142,"look what i found! drowing words, #8 collectible  #rarible #ethereum #nonfungible #digitalasset #nft a travÃ©s de @rarible",0
143,"so i attended aax exchange seminar and it was very amazing yesterday with a lot of enlightenment from the coordinators, i also won an aax branded shirt as a part of the giveaway section

thank you *aax exchange*
#aax #aax9ja #altcoin #crypto #blockchain #aaxjunemeetup2022",0
144,rt @gokhshteinmedia: voyager tweeted out earlier today that their doing everything possible to make sure that their exchange is around forâ€¦,0
145,"#xauusd - new technical analysis 

chart on tradingview  
#forex #trading",0
146,"rt @marsellistheone: baby doge coin technical analysis



-not financial advice!
@babydogecoin

#babydogecoin #babydâ€¦",0
147,"find out all the details of a unique project after carefully reading the white paper. an experienced team and a brilliant idea. do not miss the opportunity to become part of a great 
#cwdglobal #daocwdglobal #blockchain #bitshares #forkbitshares #dpos #cwdphoenix #daocwdglobal",1
148,"rt @backpackingmonk: $cats love gorilla marketing.
a video montage of cat stickers around the world.

#catcoin #memecoin #cats #altcoin #alâ€¦",0
149,"crypto momentum alert
 ar/usdt on #binance
 price : $11.7775
 increase from first alert: 6.54%
â° 5 minute delay

get our industry leading alerts in real time   

$ar $usdt #coinalerts #crypto",1
150,"rt @enricomolinari: #digital id for frictionless borders



 #fintech #finserv #payments #techforgood #blockchain #â€¦",0
151,"rt @nfh_app: what is polygon and why will non-fungible history be deployed there?

  

#cryptocurrency #crypto #blâ€¦",0
152,"rt @bitpr0: we will giveaway 100$ #btc in 24 hours to 2 winners, you simply need to retweet and follow us @bitpr0
 
good luck 

#cryptocurâ€¦",0
153,"rt @leviathancrypto: price &amp; volume relationship 

learning to interpret the relationship between price and volume will help you a lot wheâ€¦",0
154,"rt @arthurmadrid: finance, market and performances are able to create a sentiment but innovation, creativity and inspiration have always drâ€¦",0
155,"#ensusdt bear alert!

25x volume
price: 9.02
5-min %: -0.55%
volume: $458,066
 
#crypto #whale #btc #eth #ens $ens",1
156,"rt @shidofinance: shido giveaway!  let is start the week with a bang 

retweet, join tg &amp; tag 2 friends + #shidofinance in this post and yâ€¦",0
157,inu_boba  buy boba get doge #bobainu #bsc #dogecoin,0
158,rt @mattwallace888: just wait until billions of people watch astronauts place a physical #dogecoin on the literal moon,0
159,"i'm claiming test tokens on @syncswap testnet!

syncswap is a seamless dex on zksync 2.0. 

join our discord community 

 #zksync #layer2 #l222 #ethereum #exchange #syncswap",7
160,"signal for #ar coin:

worth every dime: 

purchase it under 5814

target1: 5841 target2: 5926 target3: 6012

you can see how it is going to the moon now!

# # # #btc #crypto

join more than 400 happy members with us now, pm me!",7
161,"rt @lisathesweetest: @lsmtrends lisa impact on celine

i vote for #mtvlakpoplisa
#mtvlafandomlisa
#mtvlahitmoney at this year is #premiosmtvâ€¦",0
162,"ft says the ""ecb to discuss blocking banks from multibillion-euro windfall as rates rise""  |  |  #forex #trading",1
163,"rt @legoyaa: @laliceupdates @celineofficial @lvmh hype semua postingan tentang lisa, lilies! 

i vote for #mtvlakpoplisa
#mtvlafandomlisa
#â€¦",0
164,"rt @metablackmoon: 10.000$ busd giveaway 

we are giving away 10.000 busd to 20 lucky winners (500 busd for each one)  #nft #cryptocurreâ€¦",0
165,"@cryptic_maestro  

trade #crypto, #commodities and #forex all in one place! 

generate your affiliate qr code for 20% profit share today! 

#bluebit from #bluesparrow! 

#gold #trading 
#bluesparrowcex33",0
166,"rt @daodvrs: welcome to daoverse:




#dao #daos #cryptotrading #cryptocurrency #x1000gem hâ€¦",0
167,"rt @mylesginvest: massive crypto news update,
whales buying record levels of #bitcoin and #crypto",1
168,"rt @cryptoatal: someone definitely wants a new #giveaway 

it could take years for $btc to get back to its old highs. or no?

 3 of you wâ€¦",0
169,"#bitcoin last price $19292 #btc 
daily indicators:
â€¢variation since 00h00(utc): +0.19%
â€¢macd:
 -macd line: -1983
 -signal line: -2173

#ethereum last price $1076 #eth
â€¢variation: +0.79%
â€¢macd:
 -macd line: -143
 -signal line: -166

#crypto #web3
(2/3)
143239",1
170,elochukwu okoye on linkedin:        #blockchaintechnology,1
171,this project will go much further in the future because the team working on it is very strong. we will be happy to see the achievements and results of this vary good project.#dlord #digitallandlord #crypto #blockchain #cryptocurrency #blockchaintechnology #stablecoin,1
172,rt @edwardandrewin: did anyone have a tamagotchi? well walletmonsters has essentially the same concept $enjimon are living blockchain entâ€¦,0
173,"grandpa ape country club #3390
@grandpaapecc

rank: 1436 


rare trait: red dress shirt (2.12%)

#gacc #grandpaapecountryclub #opensea #nft #azuki #nftart #nftproject #bayc #mayc #macc #bakc #digitalart #crypto #art #ethereum",0
174,"rt @watcherguru: just in: #ethereum transfer fee dropped to a 19-month low of $1.67 on july 2nd, 2022.",1
175,rt @partyguy6969: #everrise $rise #everrisev3 #everrevoke #defi #crypto #cryptocurrency #everrisenftstakinglab #avax #1000xgem #btc #everbrâ€¦,0
176,"rt @spiderweb8eyes: v.i.p trading signal! too late to enter!
sell go short aud/chf; sell @ approx 0.6542

#forexsignal #tradingsignal #foreâ€¦",0
177,rt @gokhshteinmedia: voyager tweeted out earlier today that their doing everything possible to make sure that their exchange is around forâ€¦,0
178,"@wearecultdao #feenixv2 platform will serve as a gaming hub offering the hottest blockchain games, nfts and host our exclusive p2e games to new and avid blockchain gamers alike.

#btcÂ Â Â #eth #p2e #web3 #nfts #gamefi #esports @projectfeenix #crypto #gamedev #games #indiedev #indiegame #altcoins",0
179,"$gal / usdt volume increase detected!

spike: 109,352.65 usdt
24h vol: 3,538,828.68 usdt

get all the alerts here: 

#crypto #bitcoin #binance #altcoins #hodl #defi #trading #freedom #blockchain $btc $wnxm $kmd $req $prom $nav $tfuel $ar $perp",1
180,rt @madelyn_ash: thank you for hosting/officiating many wonderful #bitcoin weddings @r0ckstardev - the reception was top notch as well! #bâ€¦,0
181,"rt @documentingbtc: ""#bitcoin is foundational to supporting human rights. people can rely on #bitcoin because it is uncensorable, unconfiscâ€¦",0
182,"rt @shidofinance: shido giveaway!  let is start the week with a bang 

retweet, join tg &amp; tag 2 friends + #shidofinance in this post and yâ€¦",0
183,"#ethereum #bitcoinnews #bitcoins #cryptonews #coinbase #btcÂ  #bnbÂ  #nftcommunity 

#lunccommunity #lunc 

terra classic update weâ€™re up to 3% 

letâ€™s go #lunc army. 

#luncburn #lunaclassichq #lunaclassic",7
184,"rt @shidofinance: shido giveaway!  let is start the week with a bang 

retweet, join tg &amp; tag 2 friends + #shidofinance in this post and yâ€¦",0
185,"rt @crypto_condom: i bought $gns in may after  on $luna shorts. at the time, i identified 4 major catalysts for growth:

 treasury + reveâ€¦",0
186,"rt @elkamalisaid: what happened tonight ?  @nftinspect 
the fox father is top ranked as a tought leader and a builder  @kasmiyouness1 
@pâ€¦",0
187,"no, the price is 0.06708829470562577 #dogecoin",1
188,"rt @daodvrs: welcome to daoverse:




#dao #daos #cryptotrading #cryptocurrency #x1000gem hâ€¦",0
189,"check out my new item on opensea!  via @opensea 
#nftgiveaways #nftgiveaway #nftcommunity #nftcollector #nftartists #ethereum #nfts #opensea #nftdrop #artcollector #nftdrop",0
190,rt @ilovenft21: rt if you think #crypto is going to replace #fiat. my fav #cryptocurrency is #richquack,2
191,"rt @forlalisa_th: always nice to watch #lisa being featured on loic prigent is fashion videos.



lalisa human celinâ€¦",0
192,"@wks67977783 ayo semangat olaf

i vote for #mtvlakpoplisa
#mtvlafandomlisa #mtvlahitmoney at this year is #premiosmtvmiawÂ  

#lisa #lalisa #money",0
193,"rt @jedi_jess9: @cryptojack @dokentoken

#dokenchain testnet live!#dex in the works  candyswap

#dokenpad: launch #presale
#doken doâ€¦",0
194,"@hmmlalisa i vote for #mtvlakpoplisa #mtvlafandomlisa #mtvlahitmoney at this yearâ€™s #premiosmtvmiaw 
#lisa #lalisa #money",0
195,"rt @cryptocallista: habo international entertainment

fair, just, safe, stable

use blockchain hash value as lottery result

no backgroundâ€¦",0
196,rt @leo__mima: i spend a lot of time thinking every day. my main asset is #shibainu2 currency selection.,2
197,"@isomild1 à¹‚à¸«à¸§à¸•à¸„à¹ˆà¸°
i vote for #mtvlakpoplisa #mtvlafandomlisa
#mtvlahitmoney at this year is #premiosmtvmiawÂ Â  

#lalisa #lisa #money",0
198,"rt @profit8lue: #bitcoin pumped $500+ today 
""bottom is in bro""
""your analysis is all wrong""
""i'm taking long trades and buying""

meanwhileâ€¦",0
199,"rt @drops_ear: @mrbigwhalereal i mean, are not all #btcs and #altcoins holders bullish during current discount periods?
imagine how much youâ€¦",0
200,"rt @mymay4qx: @hmmlalisa let is do it

i vote for #mtvlakpoplisa 
#mtvlafandomlisa 
#mtvlahitmoney at this year is #premiosmtvmiaw2022 
#lisaâ€¦",0
201,07-03-2022 #icymi forex vip free video replay of the live session from trade command! #forex,0
202,"rt @daodvrs: welcome to daoverse:




#dao #daos #cryptotrading #cryptocurrency #x1000gem hâ€¦",0
203,rt @ralvero: about time we go parabolic! #altcoins,0
204,rt @ilovenft21: rt if you think #crypto is going to replace #fiat. my fav #cryptocurrency is #richquack,2
205,"@dennis_porter_ #feenixv2 platform will serve as a gaming hub offering the hottest blockchain games, nfts and host our exclusive p2e games to new and avid blockchain gamers alike.

#btcÂ Â Â #eth #p2e #web3 #nfts #gamefi #esports @projectfeenix #crypto #gamedev #games #indiedev #indiegame #altcoins",0
206,"rt @sarato41660107: something wonderful happened tonight? 
tweet embed // the first fox man was rated a strong leader and builder  @kasmiâ€¦",0
207,rt @gokhshteinmedia: voyager tweeted out earlier today that their doing everything possible to make sure that their exchange is around forâ€¦,0
208,"rt @findcoinaction: #dogecoin impulse bar 0.0712 - 0.07221

#doge bar close 0.0716

#crypto short term volatility detection",1
209,rt @richardheartwin: i'm basking in glory while other founders have gone into hiding. #celsius #luna #blockfi @zhusu @stablekwon #bitcoinâ€¦,0
210,stair working exercise â€“ wellness #trending #procommun #finance #crypto #altcoins #nft #stories #cryptocrash #shorts #business #mumbai #yogi  #calisthenics,0
211,"rt @investdivas: i need help 

#businesscoach #digitalmarketing #digitalbusiness #busniess #investing #wealth #money #businesstips #startupâ€¦",0
212,"what he meant to say isâ€¦

â€œi need #bitcoinâ€",0
213,"glacier collapses in italian alps, at least 6 reported dead  via fxempire #forex #fx",1
214,"*new in hand* atmotube pro planetwatch crypto miner air quality monitor - 

#bitcoin #crypto #cryptocurrency #nfts #ethereum",1
215,"#bitcoin last price $19291 #btc 
daily indicators:
â€¢pivot fibonacci:
 -support 1: 17677
 -s2: 14285
 -s3: 8794
 -middle: 23168
 -resistance 1: 28659

#ethereum last price $1076 #eth
â€¢pivot:
 -s1: 890
 -s2: 632
 -s3: 215
 -m: 1308
 -r1: 1725

#crypto #defi
(3/3)
143279",1
216,"rt @invisiblecynn: boom boom resold 
congrats @madamame_nft and big thanks to @c_s_collection for joining #invisibleme famz

invisible câ€¦",0
217,"rt @cryptoreeko: please have your passport and boarding pass to hand... 
@voltinuofficial
 is about to take off 

#cryptoreeko #voltinu #câ€¦",0
218,"with the automated crypto trading bot!!

#digitalbanking #cryptexify #bitcoin #ethereum #forex #money #trading #trading #crypto #bitcoin #cryptocurrency #btc #bitcoinnews #cryptocurrencies #cryptotrading #investment #investing #entrepreneur #invest #business #yourdigitalbank",7
219,"rt @digital_diary1:  @conste11ation has teamed up with @foursquare 

 this partnership provides better insight &amp; improves customer data fâ€¦",0
220,"xrpl labs launches xumm wallet pro beta, while xrp gains 14%

#cryptonews #crypto #cryptocurrency

follow to be up to date with the latest #cryptonews",1
221,"#bitcoin last price $19318 #btc 
daily indicators:
â€¢variation since 00h00(utc): +0.33%
â€¢macd:
 -macd line: -1981
 -signal line: -2172

#ethereum last price $1075 #eth
â€¢variation: +0.73%
â€¢macd:
 -macd line: -143
 -signal line: -166

#crypto #web3
(2/3)
143302",1
222,"rt @cryptobusy:  $1,000 #giveaway 

to enter:

 follow @cryptobusy
 like this tweet

winner announced in 1 hour!!

#bitcoinÂ Â #crypto",7
223,"@cujopelli666 @mr__norbert @chrisharris_b @valleythecat many more reasons to buy #archieneko with #passiveincome nft is with monthly income #stakingcrypto apy with 144% on 90 days #blockchaintechnology #cryptocommunity #metaverse 
defi exchange @archieneko_",7
224,"rt @lilisndarjo: jgn cuma rt ya gengs, reply jg penting

i vote for #mtvlakpoplisa #mtvlafandomlisa
#mtvlahitmoney at this year is #premiosmâ€¦",0
225,"rt @sandytoes2211: thank you for joining us and sharing your artistic journey with @luciddreamnf1 and i today.

here is the recording of ourâ€¦",0
226,the wisest know why you have to hold #dogecoin,0
227,"rt @fa_touadera: with #bitcoin as #legaltender &amp; inspiration, our country opens a new chapter in its inspiring journey towards a brighter fâ€¦",0
228,"rt @shidofinance: shido giveaway!  let is start the week with a bang 

retweet, join tg &amp; tag 2 friends + #shidofinance in this post and yâ€¦",0
229,"rt @thiagogveiga: i'm not american, but i hope you all have a great 4th of july!
#dogecoin #doge #independenceday #elonmusk #doonlygoodeverâ€¦",0
230,#dlord #digitallandlord #crypto #blockchain #cryptocurrency #blockchaintechnology #stablecoin this is really very cool and strong project with great facilities. i hope this project will achieve more success. we will be happy to see the achievements and results of this project.,2
231,"6 yrs ago.. 

one day will make some art that matches it..

#btc was probably $500.. 

someone remind us on bastilles day 

#liberte #egalite #fraternite

#bitcoin #btcoffensive",0
232,"@cryptoworld202 #feenixv2 platform will serve as a gaming hub offering the hottest blockchain games, nfts and host our exclusive p2e games to new and avid blockchain gamers alike.

#btcÂ Â Â #eth #p2e #web3 #nfts #gamefi #esports @projectfeenix #crypto #gamedev #games #indiedev #indiegame #altcoins",0
233,"@cujopelli666 @alext @archieneko_ many more reasons to buy #archieneko with #passiveincome nft is with monthly income #stakingcrypto apy with 144% on 90 days #blockchaintechnology #cryptocommunity #metaverse 
defi exchange @archieneko_",7
234,"#bitcoin last price $19318 #btc 
daily indicators:
â€¢variation since 00h00(utc): +0.33%
â€¢macd:
 -macd line: -1981
 -signal line: -2172

#ethereum last price $1075 #eth
â€¢variation: +0.73%
â€¢macd:
 -macd line: -143
 -signal line: -166

#crypto #web3
(2/3)
143302",1
235,"rt @cryptoreeko: please have your passport and boarding pass to hand... 
@voltinuofficial
 is about to take off 

#cryptoreeko #voltinu #câ€¦",0
236,"rt @oraclealtcoin: today, i analyze the $djed #stablecoin (@djedstablecoin).

the formal approach #coti developed for it makes it a safe stâ€¦",0
237,"rt @themanoban_walk: i still remember how we lost our shit when fansite posted this pics.

my ovaries exploded that day. 

i vote for #mtvlâ€¦",0
238,"a team of the best professionals and excellent content. i advise everyone to cooperate with this company, and you will never regret 
#dlord #digitallandlord #crypto #blockchain #cryptocurrency #blockchaintechnology #stablecoin",7
239,"rt @born2bredarmy: can i get 50 reply?

i vote for #mtvlakpoplisa
#mtvlafandomlisa
#mtvlahitmoney at this year is #premiosmtvmiaw

#lisa #laâ€¦",0
240,"rt @s2pid_idjit: sunkyman found #ethereum in a green vault at this location! join me playing #coinhuntworld, it is awesome!",7
241,"@mattwallace888 ape lebowsky

 launch 3 july at 13.00 utc

#cryptoworld #cryptocurrencies #btc #cryptoinvestor #invest #cryptotrading #cryptos #bitcoin #cryptocurrency #apelebowsky",0
242,"rt @j0hnnyw00: $btcd #bitcoin #dominance is still a meme
we'll never see 2017 #altszn again
because:
in 2017, there were no fking usdt pairâ€¦",0
243,"rt @legion_of_sol: wave 4 sold out

no @magiceden launchpad
100% organic 

thank you #legion for being the best community &amp; @solana for tâ€¦",0
244,"rt @lsmtrends:  [info] - czar van gaal, print editor of v magazine (@vmagazine) and v man (@vman), is now following #lisa on instagram. â€¦",0
245,"@forlalisa_th lisa best girl

i vote for #mtvlakpoplisa
#mtvlafandomlisa
#mtvlahitmoney at this year is #premiosmtvmiaw

#lisa #lalisa #money",0
246,"""most people have no idea what&amp;#39;s ...



#altcoins #bitcoinanalysis #bitcoincrash #bitcoinnews #bitcoinnewstoday #bitcoinprice #bitcoinpriceprediction #btc #btcdip #btcnews #btcprice #btctoday #cryptocrash #cryptonews #cryptocurrency",1
247,"rt @xdc_news: next; notice of hex temporary suspension of activities #hexicans #hex

three arrows capital (3ac), @investvoyager digital (vdâ€¦",0
248,"rt @dogelonmarsinfo: join me, mars is near!! 

$elon
#dogelonmars
#cryptocurrency
#altcoins",0
249,"rt @ebartersmart: the more choices you have, the more success will come your way. join us now.
referral link -",7
250,rt @gokhshteinmedia: voyager tweeted out earlier today that their doing everything possible to make sure that their exchange is around forâ€¦,0
251,"us #payrolls: average weekly earnings of all employees, information, seasonally adjusted
#fed #fomc #economy #fintwit #economics #finance #forex #investing #macro #eurusd",1
252,"rt @cryptofaibik: $bake pump it.. 

#crypto #bake #bakeusdt",2
253,"rt @dogecoindrop: drop your #dogecoin wallet address 

100,000 $doge will be sent to your wallet",7
254,"enjoy this video-training for members only

only the members will have the settings etc.

chris

#forextrading
#liveforex
#tradingroom
#goldtradingÂ 
#success
#forextrader
#forex,Â 
#gold
#bitcoin",0
255,"rt @shidofinance: shido giveaway!  let is start the week with a bang 

retweet, join tg &amp; tag 2 friends + #shidofinance in this post and yâ€¦",0
256,rt @meiharel1: tnx @nocamels @tezosisrael &amp,0
257,"rt @shidofinance: shido giveaway!  let is start the week with a bang 

retweet, join tg &amp; tag 2 friends + #shidofinance in this post and yâ€¦",0
258,"rt @budrante: @lunaclassichq @cnn @cnbcnow @cz_binance @binance @crypto @ptvph told yâ€™all 

if only u can visualize what 
iâ€™m looking at
#lâ€¦",0
259,rt @callembear: @moonshot40 @garyvee @lorettakrypto @inu_boba shes a legend.  #bobainu has the best social engagements per holder. real woâ€¦,0
260,"#ethusdt

join the only risk-free signals, at least+1000 pips a month, +200 a week or fees back guaranteed: 
get a free monthly sms: 

#forex #fxtrading #forexsignals #daytrader #forexsmssignals #btc #bch #eth #etc #zen",1
261,"@mrbigwhalereal #feenixv2 platform will serve as a gaming hub offering the hottest blockchain games, nfts and host our exclusive p2e games to new and avid blockchain gamers alike.

#btcÂ Â Â #eth #p2e #web3 #nfts #gamefi #esports @projectfeenix #crypto #gamedev #games #indiedev #indiegame #altcoins",0
262,@1markmoss @doombergt retweets every #btc negative tweet he comes across. hilarious they are 99% about the price.,3
263,"rt @bitpr0: we will giveaway 100$ #btc in 24 hours to 2 winners, you simply need to retweet and follow us @bitpr0
 
good luck 

#cryptocurâ€¦",0
264,"@airdropdet amazing project with great potentials and good efforts. the genius team and professional developers are admirable

@cryptcurt 
@nftcurie1 
@cryptcutiee 
@nftcupid 
@cryptcure 
@nftcurator 
@cryptclay

#lingosegame

#airdrops #bitcoin #lingose #airdropdet #crypto #blockchain",7
265,"make money with ksn token.
1. invest
2. earn
3. trade
.
.
for more detailed info, go to our website 
.
.
#cryptoworld #blockchaintechnology #cryptonews #cryptoeverywhere #cryptoexchange #blockchain #trading #ksn #ksncoin #money #agriculturemetaverse #crypto",7
266,rt @dogearmy551: the wisest know why you have to hold #dogecoin,0
267,"rt @dogecoindrop: drop your #dogecoin wallet address 

100,000 $doge will be sent to your wallet",7
268,"$bcaw has been verified on bscscan, you can easily find the official baby caw contract on bscscan along with all our information: web, twitter, telegram and withepaper  #bcaw #caw #cawcoin #cawarmy #btc #bnb @bscscan",0
269,rt @gokhshteinmedia: voyager tweeted out earlier today that their doing everything possible to make sure that their exchange is around forâ€¦,0
270,"closed buy eurusd 1.04233 for +3.1 pips, total for today +9.3 pips #forex #signals",0
271,the good project is implemented very professionally and has a clear development plan made by a very professional and experienced team.#dlord #digitallandlord #crypto #blockchain #cryptocurrency #blockchaintechnology #stablecoin,1
272,"creating a network of domains, each boosting traffic to the main site promoting tokens - this is based on our unique marketing strategy.#dlord #digitallandlord #crypto #blockchain #cryptocurrency #blockchaintechnology #stablecoin",7
273,"another week in crypto, another industry report.
tune in with us every week to find out the hottest market news and trends.


#blockchainnews #cryptonews #weeklyupdate #cryptomarket #forex #btc#eth #crypto #cryptocurrencynews #cryptolife",1
274,rt @bitcoinmagazine: breaking: the largest u.s. oil and gas company exxon mobil is using excess natural gas to mine #bitcoin - bloomberg,1
275,"rt @joshuamilete: @lunc_official #feenixv2 platform will serve as a gaming hub offering the hottest blockchain games, nfts and host our excâ€¦",0
276,rt @cryptocat459: please hold #dogecoin,5
277,"rt @ruthylord: get yourself some $marvin, it is worth holding.
#marvininu, @marvin_inu 

#cryptocurrency #metaverse #p2e #bsc",0
278,pro-trading course #augmentedreality #forex #trading via,0
279,"rt @_prashantnair: this weekend, 25 years ago, thailand decided to devalue the baht triggering the asian financial crisis.

this was the fiâ€¦",0
280,"rt @c3ntur10n1nv3st: cix token public sale is now live!
get cix now: 
#cryptocurrency #crypto #cryptocurrencies #cryâ€¦",0
281,"rt @joecarlasare: in every bear market, it becomes really â€œcoolâ€ to throw out very low targets: â€œ#bitcoin is going to 12k, 10k, 5k, etc.â€â€¦",5
282,rt @watcherguru:  the united states second-largest electric power company 'duke energy' is reportedly studying #bitcoin mining,1
283,rt @quantwolfline: simple as playing candyland (ages 4 and up) in #wnba at top of hour following â€œ3 simple rules) i bought #aces /sold #lynâ€¦,0
284,"rt @notgonn83086720: @blondelaliz loved the edit

i vote for #mtvlakpoplisa 
#mtvlafandomlisa 
#mtvlahitmoney at this year is #premiosmtvmiaâ€¦",0
285,"*new in hand* atmotube pro planetwatch crypto miner air quality monitor - 

#bitcoin #crypto #cryptocurrency #nfts #ethereum",1
286,rt @lawrencelepard: some of you fucking monkeys are not listening! #bitcoin bringing the heat!! @mdisruptors @fossgregfoss,0
287,"rt @digital_diary1:  @conste11ation has teamed up with @foursquare 

 this partnership provides better insight &amp; improves customer data fâ€¦",0
288,"rt @metablackmoon: 10.000$ busd giveaway 

we are giving away 10.000 busd to 20 lucky winners (500 busd for each one)  #nft #cryptocurreâ€¦",0
289,rt @williamninja69: these are just a few of exchanges we have applied to. we will be on all of them @lillianfinance @lillyfoundation #lillyâ€¦,0
290,rt @cz_binance: i believe #bitcoin is the most efficient financial network in existence ever. in terms of cost per value transacted or storâ€¦,0
291,"rt @marginx_io: we are one of the few #dexs that operate on-chain, so everyone can track every transaction that happens on the #blockchain.â€¦",0
292,"smoke â€˜em or drank â€˜em if ya got â€˜em and go trip out on my new gallery. it ainâ€™t right in the head. you tell meâ€¦



#nfts #futureartchallenge #cryptoart #nft #nftart #raredigitalart #digitalart #nftcollectors #crypto #rarible #nftcommunity #nftartist",0
293,"rt @watcherguru: just in:  central african republicÂ has announced the launch of its own #cryptocurrency, sango coin.",1
294,how to track your trading performance  #forex #trading,0
295,rt @cryptogemsworld: which #altcoins are you adding to your bags right now,5
296,"rt @yieldfarmerkenb: #hodl on the #bsc network is amazing #bnb rewards powered by the #bnbchain  @hodl_official @hodlhandsnft 
#memecoiâ€¦",0
297,"rt @oliver_larosa: $gbex - the only deflationary exchange token globally

- free bonus #gbex #rewards daily
- #staking 10%
- referral progrâ€¦",0
298,#present #bitcoin #tumblr #twitter #facebook #instagram #dogecoin #socialmedia #tiktok #doge #deal #gift #gifts #giftideas #shop #shopping #affiliatemarketing #amazon #onlineshopping overstock deals,0
299,"don't expect too much, look for a project that is truly serious and promising .. !! #dlord #digitallandlord #crypto #blockchain # #cryptocurrency #blockchaintechnology #stablecoin",7
300,"rt @theoregongroup: the major carbon credit verification agencies have banned crypto and blockchain, so what happens next?

our analysis: hâ€¦",0
301,"rt @yuhelenyu: learn website development 
#ai #datasecurity #datascientist #dataanalytics #rstats #reactjs #iiot #flutter #javascript #javaâ€¦",0
302,"rt @lilisndarjo: letâ€™s double our pace

i vote for #mtvlakpoplisa #mtvlafandomlisa
#mtvlahitmoney at this year is #premiosmtvmiawÂ  

#lâ€¦",0
303,"rt @sohylasamurai2: @saashaaaa79 #rbxs
 has an amazing analytics team. as our client intake grows, so does our needs. weâ€™re 
looking to addâ€¦",0
304,rt @1markmoss: remember the more negative sentiment towards #bitcoin has always been the best time to buy,3
305,"rt @jedi_jess9: @cryptoemdarks #bullish on @dokentoken

#dokenchain testnet live!#dex in the works  candyswap

#dokenpad: launch #preâ€¦",0
306,"rt @nfh_app: what is polygon and why will non-fungible history be deployed there?

  

#cryptocurrency #crypto #blâ€¦",0
307,"bored ape owners get together to lend nft to various businesses in 2022



#nft #nftcommmunity #nftcollection #opensea #openseanft #boredape #monkeynft #boredape1 #boredapeowners #altcoins
#cryptoworld #coinbase #stocks #wallstreet #millionaire",1
308,"rt @laliceupdates: lisa best girl 

i vote for #mtvlakpoplisa #mtvlafandomlisa #mtvlahitmoney at this yearâ€™s #premiosmtvmiaw 
#lisa #lalisâ€¦",0
309,rt @gokhshteinmedia: voyager tweeted out earlier today that their doing everything possible to make sure that their exchange is around forâ€¦,0
310,rt @gokhshteinmedia: voyager tweeted out earlier today that their doing everything possible to make sure that their exchange is around forâ€¦,0
311,#dlord #digitallandlord #crypto #blockchain # #cryptocurrency #blockchaintechnology #stablecoin dlord in my opinion is able to bring the project to the highest level in the shortest possible time and i hope they succeed,2
312,"rt @dogecoindrop: drop your #dogecoin wallet address 

100,000 $doge will be sent to your wallet",7
313,@mishaboar @prothedoge @investvoyager #dogecoin remove off exchanges,1
314,personal finance is a lifestyle change - saving - investing - budgeting - increasing your income and you have to do it consistently. #bitcoin #crypto #cryptocurrency #btc #eth #ethereum #dogecoin,1
315,"rt @anns_2022: a beginnerâ€™s guide on blockchain layer-2 scaling solutions

#cryptonews #cryptocurrecy #blockchain
#blockchaintechnology

htâ€¦",0
316,"doge, the only crypto cool enough to board through space  #dogecoin",1
317,"current price:
#bitcoin:$19,283.75
#litecoin:$51.14
#dogecoin:$0.670
#ethereum:$1,075.66
#ethereumclassic:$14.84
#bitcoincash:$105.86",0
318,"#bitcoin last price $19311 #btc 
daily indicators:
â€¢pivot fibonacci:
 -support 1: 17677
 -s2: 14285
 -s3: 8794
 -middle: 23168
 -resistance 1: 28659

#ethereum last price $1075 #eth
â€¢pivot:
 -s1: 890
 -s2: 632
 -s3: 215
 -m: 1308
 -r1: 1725

#crypto #defi
(3/3)
143297",1
319,"smart investors are buying now, they are hunting for valuable gems like $puli. you also check $puli is worth it. @puli_token

linktree: 

#puli $puli #pulitoken
#bscgem #lunarcrush #bscgemalert #rbxs #bscscan #crypto #rbxsamurai #blockchain #bsc",0
320,"rt @jedi_jess9: @cryptogems555 @dokentoken #buythedip

#dokenchain testnet live!#dex in the works candyswap

#dokenpad: launch #preâ€¦",0
321,"#dlord #digitallandlord #crypto #blockchain #cryptocurrency #blockchaintechnology #stablecoin
this project is very important and different from others.this is a good project with the new feature that the applied. excellent organization of th project gives confidence",2
322,"happy to be part of smart community
#dlord #digitallandlord #crypto #blockchain #cryptocurrency #blockchaintechnology #stablecoin",7
323,"rt @daodvrs: welcome to daoverse:




#dao #daos #cryptotrading #cryptocurrency #x1000gem hâ€¦",0
324,"rt @mishaboar: meanwhile, you cannot access your #crypto on @investvoyager, of course.

as i repeated for the past year: you accepted theirâ€¦",0
325,rt @gokhshteinmedia: voyager tweeted out earlier today that their doing everything possible to make sure that their exchange is around forâ€¦,0
326,rt @gokhshteinmedia: voyager tweeted out earlier today that their doing everything possible to make sure that their exchange is around forâ€¦,0
327,"rt @watcherguru: just in:  central african republicÂ has announced the launch of its own #cryptocurrency, sango coin.",1
328,"rt @digital_diary1:  @latokens introduces its official partnership with @coincurt 

 coincurt introduce the fintech projects portal. theyâ€¦",0
329,"pesa token is an established business making it cheaper, quicker, and easier for relatives to send money to their families worldwide. close to ath!! 
@pesa_token @thedreamchain #bsc #altcoins",1
330,"#bitcoin last price $19252 #btc 
daily indicators:
â€¢pivot fibonacci:
 -support 1: 17677
 -s2: 14285
 -s3: 8794
 -middle: 23168
 -resistance 1: 28659

#ethereum last price $1073 #eth
â€¢pivot:
 -s1: 890
 -s2: 632
 -s3: 215
 -m: 1308
 -r1: 1725

#crypto #defi
(3/3)
143273",1
331,"rt @dogecoindrop: drop your #dogecoin wallet address 

100,000 $doge will be sent to your wallet",7
332,"rt @daodvrs: welcome to daoverse:




#dao #daos #cryptotrading #cryptocurrency #x1000gem hâ€¦",0
333,"@altgemsalert $chiro 

las vegas metaverse expo is coming and we are there to play main role

#eth #bsc #polygon

@chihiroinueth @portalofdestiny 

#chihiroangels #nft #p2e #chihirotalk #chihiroarmy #nfts #chihiroinu #portalofdestiny #getyousome #altcoins #crypto #bscgems #gems",0
334,"@dlordtoken #dlord #digitallandlord #crypto #blockchain # #cryptocurrency #blockchaintechnology #stablecoin

the project is very serious and reliable for investment. the company has already implemented many successful projects around the world.",2
335,"rt @leviathancrypto: price &amp; volume relationship 

learning to interpret the relationship between price and volume will help you a lot wheâ€¦",0
336,"rt @shaargame: if you can hear the voices of the shaarchildren, you should follow the path to aya shaar !
take a fantastic journey to theâ€¦",0
337,"v.i.p trading signal! too late to enter!
sell go short aud/chf; sell @ approx 0.6542

#forexsignal #tradingsignal #forex #investing #traders #money #trades #fx #gbpusd #investing #gold #market #xauusd #futures #investors #daytrading #finance #womenintech #womenempowerment",0
338,"rt @lilieshome_: can you give us 127 rt &amp; replies please

i vote for #mtvlakpoplisa
#mtvlafandomlisa #mtvlahitmoney at this year is #premiosâ€¦",0
339,"rt @vetowerofficial: vetower
#giveaway in #vechain
 5 $vet per like 
to participate 
 like &amp; rt
 follow @vetowerofficialâ€¦",0
340,"rt @marsellistheone: baby doge technical analysis?



-not financial advice!
@babydogecoin

#babydogecoin #babydogeâ€¦",0
341,"#bitcoin mempool fees summary in the 60 seconds
mean = 3667
median = 1704
max = 52614
75th quant = 2879
n.obs = 133
interval (fee/vb) = [0 , 33.0]
block height 743513",1
342,rt @gokhshteinmedia: voyager tweeted out earlier today that their doing everything possible to make sure that their exchange is around forâ€¦,0
343,"remember:

you can trade our forecasts in a real or demo #forex brokerage account to test the strategies and strengthen your self-confidence before investing real funds.",7
344,rt @gokhshteinmedia: voyager tweeted out earlier today that their doing everything possible to make sure that their exchange is around forâ€¦,0
345,"rt @bobainufam: @lorettakrypto 
| 
| 
|
| 
| 
| 
| 
| 
| 
| 
| 
| 
| 
| _ 
| â€¢.â€¢) psst!
|âŠ‚ #bobainuâ€¦",0
346,rt @glorydoge: #dogecoin space currency,3
347,"""most people have no idea what&amp;#39;s ...



#altcoins #bitcoinanalysis #bitcoincrash #bitcoinnews #bitcoinnewstoday #bitcoinprice #bitcoinpriceprediction #btc #btcdip #btcnews #btcprice #btctoday #cryptocrash #cryptonews #cryptocurrency",1
348,"rt @crystalwomannft: 290$ $eth for only 12 hoursâ³

tasks to do -
just rt +  &amp; follow me @crystalwomannft 

#ethereum #eth #giveawâ€¦",0
349,"kudos to @coredao_org for this timely holistic and precise explanation of the depth and broadness of #btcs origin
now i truly understand where the #cryptoworld and we the #cryptoenthusiast are coming from and where we are headed. love you guys @coredao_org #btcs #btc",2
350,you can make a beautiful #painting of my #nfts check out my collection on opensea! thanks for your support #nftcommunity  #criptoart #btc #eth #nft #opensea #nft #blockchain,0
351,"rt @ixfiworld:  women empowerment in crypto
discover how the crypto ecosystem is transforming women is leadership in business",1
352,"top 5 #altcoins that outperformed $btc on the last 24 hours candlestick:

1. $cel +29.26%
2. $req +25.70%
3. $tifi +22.90%
4. $rev +17.08%
5. $kok +15.41%

see the other 175 and join the #altparty at  
not buy signals #dyor",1
353,"rt @watcherguru: just in:  central african republicÂ has announced the launch of its own #cryptocurrency, sango coin.",1
354,"@cyber_bull_ trade #cryptocurrency in a decentralized way on #aircash, using fiat currencies.
@aircoinreal 
#aircoindaolabs #aircoin $air #airswap #binance #bnb #bnbchain #avalanche #moonriver #moonbeam #cmc #cryptotrading",0
355,rt @richard841: click on the #qr code below to check out the new #kleegames website  #kleenation #kleelaunchpad #kleerun #altcoin #altcoâ€¦,0
356,"rt @digital_diary1:  @atnirex welcomes @acadexnetwork as their new partner

 #acadex is blockchainâ€™s first proof of knowledge (pok) netwoâ€¦",0
357,"@whaleeverything trade #crypto, #commodities and #forex all in one place! 

generate your affiliate qr code for 20% profit share today! 

#bluebit from #bluesparrow! 

#gold #trading #bluesparrowcex 
..",7
358,"@altcryptocom #feenixv2 platform will serve as a gaming hub offering the hottest blockchain games, nfts and host our exclusive p2e games to new and avid blockchain gamers alike.

#btcÂ Â Â #eth #p2e #web3 #nfts #gamefi #esports @projectfeenix #crypto #gamedev #games #indiedev #indiegame #altcoins",0
359,"the moment that you tell yourself ""i can't"" you've already lost. successful individuals are trailblazers, meaning they don't waste time/energy worrying about what is in their way, they invest time/energy finding a way to create a path over, around, or through it. #trading #forex",0
360,"@lsglobal_ green pepper

lilies! please dont forget this tags to vote our #lisa. deadline is only 7 days left! 

i vote for #mtvlakpoplisa
#mtvlafandomlisa
#mtvlahitmoney at this year is #premiosmtvmiaw 
#lisa #lalisa #money

i vote #blackpinkkpop and #blinks on #kcamexico (@.blackpink)",0
361,"truth social: banned from twitter, trump returns with a new platform #technology #blockchain #innovation #blockchaintechnology #platform #cloud #internet #software #google #trends",1
362,rt @thedogecard: brunch time!!!#dogecard #dogecoin,0
363,"rt @anuragvishwa: ethereum gas fees tumbles : 

#ethereum #blockchaintechnology #crypto #blockchains #bitcoin",1
364,"rt @0keydokey_yo: @hmmlalisa lessgo people move 

i vote for #mtvlakpoplisa 
#mtvlafandomlisa 
#mtvlahitmoney at this year is #premiosmtvmiaâ€¦",0
365,"rt @trade_2022: #forexsignals #trade #traders #bitcoin
#cryptocurrency #trader #forexsignal
#tradecommandcenter #forex #binary
#forexmagnacâ€¦",0
366,rt @khalilr42530583: it is one of those projects that promote the development of the blockchain industry and bring something amazing and neâ€¦,0
367,"happy 4th of july to all! 
will be showing how to use in this #video 

volume profile 
set ups 
understanding risk 
looking @ levels and gaps
#stockstobuy #futures #forex #bitcoin #crudeoil #gold #tradingsignals #aapl #amzn #ba #meta #tsla $es $nq $rty $ym",1
368,"*we even forgot our own name*
#bitcoin 
#dogecoin",3
369,"@cyber_bull_ the best investment is $kiba

@kibainuworld #kiba #altcoins #memecoin #kibainu",1
370,"@meetjess we need to invest in viral research and take a more extreme approach to finding cures and antiviral therapies. weâ€™ve had 102 years to cure herpes, and if covid takes 102 years we are done for. letâ€™s get caught up #cure #herpes #viral #research #laboratory #money #publichealth #mo",4
371,"rt @cryptoatal: someone definitely wants a new #giveaway 

it could take years for $btc to get back to its old highs. or no?

 3 of you wâ€¦",0
372,"new high price  
trxusdt has reached a new 24 hour high price @ 0.06646

#trx, #trxusdt, #crypto, #getprofit",1
373,"#xrp holding better than most #altcoins, hereâ€™sÂ why",0
374,"rt @coinlinked: sound up! the first  #hack #tips &amp; #tricks you didn't know from @jqt_web3vc.

as jenny ta said, ""@oâ€¦",0
375,#btc to the moon,2
376,rt @gokhshteinmedia: voyager tweeted out earlier today that their doing everything possible to make sure that their exchange is around forâ€¦,0
377,rt @whaleeverything: what are your favorite #altcoins of all time?,5
378,"rt @eariyae: business agency,,
$rbxs
#rbxs
#rbxsamurai
#blockchaintechnology",0
379,"rt @lsglobal_: rt &amp; reply please

name these vegetables. one item per tweet &amp; tags

i vote for #mtvlakpoplisa #mtvlafandomlisa
#mtvlahitmonâ€¦",0
380,"rt @nfh_app: what is polygon and why will non-fungible history be deployed there?

  

#cryptocurrency #crypto #blâ€¦",0
381,"@darcydonavan #feenixv2 platform will serve as a gaming hub offering the hottest blockchain games, nfts and host our exclusive p2e games to new and avid blockchain gamers alike.

#btcÂ Â Â #eth #p2e #web3 #nfts #gamefi #esports @projectfeenix #crypto #gamedev #games #indiedev #indiegame #altcoins",0
382,"rt @yadom327327: @tuktik1506 vote for lisa

i vote for #mtvlakpoplisa
#mtvlafandomlisa
#mtvlahitmoney at this year is #premiosmtvmiawâ€¯â€¯â€¯Â Â Â Â â€¦",0
383,"rt @lilisndarjo: letâ€™s double our pace

i vote for #mtvlakpoplisa #mtvlafandomlisa
#mtvlahitmoney at this year is #premiosmtvmiawÂ  

#lâ€¦",0
384,rt @whaleeverything: what are your favorite #altcoins of all time?,5
385,"#bitcoin $btc number of addresses holding 1+ coins just reached an ath of 877,140",1
386,"rt @blazesignals: support us on patreon! 
$eth $btc $ada $xrp $sol $cocos $bnb $dot $doge $shib #crypto #cryptocurreâ€¦",0
387,"@crypt0ricard0 yes i think first move doesn't matter -- with the sole exception of #bitcoin. 

ethereum is absolutely vulnerable to attack.",3
388,"@cryptic_maestro  

trade #crypto, #commodities and #forex all in one place! 

generate your affiliate qr code for 20% profit share today! 

#bluebit from #bluesparrow! 

#gold #trading 
#bluesparrowcex26",0
389,"ampharos #08 
.
gogo take your first pokemon 
.
link : 
. 
. 
#nft #nftcommmunity #nfts 
#nftcommunity #blockchain #cryptocurrency #cryptoartist #nftart #nftcollector #nftcollectors
#ethereum #pokemon #pokemongo #pokemonnft",0
390,rt @watcherguru:  the united states second-largest electric power company 'duke energy' is reportedly studying #bitcoin mining,1
391,"rt @cryptojack: whatâ€™s your favorite #altcoins to buy?

next 100x #gems",0
392,"rt @updateslalisatr: â€œeven bernard arnault (ceo of lvmh) got up from his front row seat to catch a glimpse of the roaring crowd, clearly prâ€¦",0
393,"rt @born2bredarmy: can i get 50 reply?

i vote for #mtvlakpoplisa
#mtvlafandomlisa
#mtvlahitmoney at this year is #premiosmtvmiaw

#lisa #laâ€¦",0
394,"rt @daodvrs: welcome to daoverse:




#dao #daos #cryptotrading #cryptocurrency #x1000gem hâ€¦",0
395,"rt @metablackmoon: 10.000$ busd giveaway 

we are giving away 10.000 busd to 20 lucky winners (500 busd for each one)  #nft #cryptocurreâ€¦",0
396,rt @gokhshteinmedia: voyager tweeted out earlier today that their doing everything possible to make sure that their exchange is around forâ€¦,0
397,"bored ape owners get together to lend nft to various businesses in 2022



#nft #nftcommmunity #nftcollection #opensea #openseanft #boredape #monkeynft #boredape1 #boredapeowners 
#cryptoworld #coinbase #success #binance #cryptotrading",1
398,"reminder - it is a us holiday on monday, 4 july 2022 - here are futures trading hours  |  |  #forex #trading",1
399,"rt @saitaladyapey: $110 got me 35,000 #saitamav2 token

when we hit $1 thatâ€™s $35,000 usd

not a bad investment 

#crypto #cryptocurrenciesâ€¦",0
400,"rt @daodvrs: welcome to daoverse:




#dao #daos #cryptotrading #cryptocurrency #x1000gem hâ€¦",0
401,"80,000 bitcoin millionaires were eliminated in the crypto crash of 2022.
#crypto #cryptonews #bitcoin #bitcoinnews #cryptoglobelnews #cryptocurrencynews #trading #btc #btcnews #blockchain #defi #daos #dao #web3 #cryptocrash #bitcoin",1
402,"rt @cryptocoxyz: @thomahawx this is awesome! lfg volt army!!! 

#voltinu #crypto #dextools #ethereum
#altcoins #coingecko #cex #cryptocom #â€¦",0
403,"rt @ergoplatformorg:  save the date! an ama hosted by @hobbyistminer, #ergo and #flux discuss the next generation of proof of work blockchâ€¦",0
404,"our featured article for today! please don't forget to subscribe to our daily newsletter at  to receive our daily curated #crypto and #blockchain #news.

#bitcoin #btc #ethereum #eth #ripple #xrp #cardano #ada #litecoin #ltc #eos #xlm #trx #dash #iota #vet",1
405,"rt @inevitable360: lets all try to get #doge #dogecoin momentum back, and bring joy and support for each other without any drama. focus onâ€¦",0
406,"rt @_mintydoge: happy independence day, americans.
#dogecoin",0
407,"rt @naimaelyoubi3: something wonderful happened tonight? 
tweet embed // the first fox man was rated a strong leader and builder 
@kasmiâ€¦",0
408,rt @gokhshteinmedia: voyager tweeted out earlier today that their doing everything possible to make sure that their exchange is around forâ€¦,0
409,#birthday #bitcoin #tumblr #twitter #facebook #instagram #dogecoin #socialmedia #tiktok #doge #deal #gift #gifts #giftideas #shop #shopping #affiliatemarketing #freeshipping on orders over $99 at,7
410,"#bitcoin (btc) 19284.6$ (-0.044%)
 #ethereum (eth) 1074.05$ (-0.156%)
 #tether (usdt) 0.99903$ (0.0011%)
 #usd coin (usdc) 1.00037$ (0.0117%)
 #bnb (bnb) 218.608$ (-0.195%)
 #binance usd (busd) 0.99920$ (-0.023%)
 #xrp (xrp) 0.31954$ (-0.433%)",1
411,"@aircoinreal @xyg89421 trade #cryptocurrency in a decentralized way on #aircash, using fiat currencies.
@aircoinreal 
#aircoindaolabs #aircoin $air #airswap #binance #bnb #bnbchain #avalanche #moonriver #moonbeam #cmc #cryptotrading",1
412,"rt @watcherguru: just in: #ethereum transfer fee dropped to a 19-month low of $1.67 on july 2nd, 2022.",1
413,"rt @daodvrs: welcome to daoverse:




#dao #daos #cryptotrading #cryptocurrency #x1000gem hâ€¦",0
414,rt @themooncarl: which #altcoins will survive the  market?,5
415,rt @simonan48357361: hey shill me the next #100xgem of this weekend #bnb #eth #sol #btc #defi #nft #altcoins #memecoin,0
416,"rt @wks67977783: who is lalisa manoban ?

i vote for #mtvlakpoplisa #mtvlafandomlisa #mtvlahitmoney for this year is #premiosmtvmiawÂ  
#lisâ€¦",0
417,"rt @shillbillgems: shill me your 

#bscgemsalert #altcoin #altcoins #bscgems #1000xgems #bsc #bnb #memecoin #gem #defi #nftcommunity",0
418,"@tomerstrolight remember the more negative sentiment towards #bitcoinÂ has always been the best time to buy, bitcoin always bounces back if you can be patient

if you arenâ€™t following @trindmo you should be. he knows his stuff when it comes to bitcoin and other cryptos. great tweets &amp; tips so far",2
419,"#robostopia smart #cryptocurrency trader bot for #binance and #bittrex
 trailing stop-loss, buy or sell #altcoins / btc pairs.
 auto renew orders
 profit / loss notifications by transactions.
 completed order notifications and many more..",7
420,"rt @elameennda: at the end of the day, a customer wants services that meet his/her expectations. the services should be aimed to fulfill alâ€¦",0
421,rt @gokhshteinmedia: voyager tweeted out earlier today that their doing everything possible to make sure that their exchange is around forâ€¦,0
422,#crypto #cryptocurrecy #cryptotwitter #cryptoworld #cryptomemes #memes2022 #cryptomoney #memesdaily i think this project will be successful as transparency and safety is exactly what we need to strengthen in the crypto world. team is very strong and does everything wisely.,2
423,"rt @themacrotweet: spain, #hicp #inflation rate for clothing and footwear, fell to -4.2% yoy in may 2022.
#fintwit #economics #finance #forâ€¦",0
424,current #bitcoin price is $19299 #btc #crypto,1
425,"rt @livepricecrypto: #bitcoin last price $19304 #btc 
daily indicators:
â€¢variation since 00h00(utc): +0.26%
â€¢macd:
 -macd line: -1981
 -siâ€¦",0
426,"rt @digital_diary1:  @watertigerf introduced its first partnership with @nulswap 

 nulswap is a fully on-chain, decentralized exchange râ€¦",0
427,"@crypto__diva #feenixv2 platform will serve as a gaming hub offering the hottest blockchain games, nfts and host our exclusive p2e games to new and avid blockchain gamers alike.

#btcÂ Â Â #eth #p2e #web3 #nfts #gamefi #esports @projectfeenix #crypto #gamedev #games #indiedev #indiegame #altcoins",0
428,rt @smilingle0: @_nftcollectors @cybotz_nft look what i found! dream of colors collectible  #rarible #ethereum #nonâ€¦,0
429,"@dlordtoken c#dlord #digitallandlord #crypto #blockchain # #cryptocurrency #blockchaintechnology #stablecoin
great project with great planning. this project completed each step according to their plan. this project deserves your attention.",2
430,"sincerely, shiloh by zoilstar nft on rarible now  #ethereum #nftcollector #nftart #nfts #nft #ethereum #eth #hexican #pulsechain #hex #bitcoin #metabillionaire #nftnyc #bayc #nfts #eth",0
431,"who knows what this pattern is and what it means for alts?

#btcdominance #altcoins #btc #bitcoin",1
432,"rt @el_crypto_prof: $btc #bitcoin 

every time bitcoin-shorts have been rejected at the blue line, $btc has always risen by several thousanâ€¦",0
433,"@page88 #feenixv2 platform will serve as a gaming hub offering the hottest blockchain games, nfts and host our exclusive p2e games to new and avid blockchain gamers alike.

#btcÂ Â Â #eth #p2e #web3 #nfts #gamefi #esports @projectfeenix #crypto #gamedev #games #indiedev #indiegame #altcoins",0
434,rt @acryptostreet80: crypto currency is the futurewhat is your #dogecoin #btc #eth #shib #cardanoada #solana #matic #cryptocurrencies topâ€¦,0
435,"rt @themanoban_walk: i still remember how we lost our shit when fansite posted this pics.

my ovaries exploded that day. 

i vote for #mtvlâ€¦",0
436,"@kevin2kelly @bquittem @raminnazer @shane_mauss @stephlepp @lydialaurenson @norabateson @tanyaofmars @erik_davis @thenightshirt @stoweboyd this week on #futurefossils @jonathanhillis and @0xzakk of @creatorcabins + @c_lemp of @dmnddao â€” all working hard on #blockchain-based social #innovation â€” talk governance experiments, online culture, and what should stay #illegible to states and markets:",0
437,hackers flood british armyâ€™s twitter and youtube with crypto spam | information #hackers #flood #british #armys #twitter #youtube #crypto #spamÂ #news,1
438,"rt @deficoins5: please do not use your emergency funds for this dip, your rent money, children is school fees, or whatever funds are set asiâ€¦",0
439,"rt @joshwiltord: #blockchain devfest @motivug why it has gained so much admiration, why it has industry disrupting capabilities? what is soâ€¦",0
440,"turn 1000Â£ to 10kÂ£ this week with @ukforexea1 
today offer

minimum capital 2000Â£
fees 99Â£
leverage 1:1000
daily profits 550 to 850%

#forex #daytrading #market #money #invest #forex",0
441,"rt @shidofinance: shido giveaway!  let is start the week with a bang 

retweet, join tg &amp; tag 2 friends + #shidofinance in this post and yâ€¦",0
442,"rt @kibajoker: @cryptoemdarks $kiba is the gem of gems  

@kibainuworld #kiba #altcoins #memecoin #kibainu",0
443,"pluckyducky found #bitcoin in a green vault at this location! join me playing #coinhuntworld, it is awesome!  #cryptocurrency #282535",0
444,"rt @metablackmoon: 10.000$ busd giveaway 

we are giving away 10.000 busd to 20 lucky winners (500 busd for each one)  #nft #cryptocurreâ€¦",0
445,"want to long or short #bitcoinÂ  or #altcoins?

do it on bybit and claim a $4,450 deposit bonus + 0% trading fees for 30 days!",7
446,"rt @head_world97: $marvin is the best force in #cryptocurrency that can secure the future..

join the #marvinauts community today

website:â€¦",0
447,"rt @take_gains: objective: understanding asset accumulation and distribution.

this thread is purely educational and focuses on the #bitcoiâ€¦",0
448,"@cryptothro  

trade #crypto, #commodities and #forex all in one place! 

generate your affiliate qr code for 20% profit share today! 

#bluebit from #bluesparrow! 

#gold #trading 
#bluesparrowcex67",0
449,"rt @digital_diary1:  @simplexcc is now integrating with @coin98_wallet 

 coin98 is the #1 crypto super-app designed to seamlessly connecâ€¦",0
450,"rt @tw_bitcoin: #bitcoin is the wheel. you don't reinvent the wheel.
- @dergigi 

#bitcointwitter",3
451,"rt @cryptodunkey: happy days, i won the competition many thanks to @token_aeth prize already received and reinvested, big things coming #aeâ€¦",0
452,"rt @daodvrs: welcome to daoverse:




#dao #daos #cryptotrading #cryptocurrency #x1000gem hâ€¦",0
453,"rt @aisa10922554: lilies.and fam dont be tired until end of vote lets give this award to lisa..we can do this

i vote for #mtvlakpoplisa
#mâ€¦",0
454,"rt @daodvrs: welcome to daoverse:




#dao #daos #cryptotrading #cryptocurrency #x1000gem hâ€¦",0
455,"creating a network of domains, each boosting traffic to the main site promoting tokens - this is based on our unique marketing strategy.
#dlord #digitallandlord #crypto #blockchain #cryptocurrency #blockchaintechnology #stablecoin",7
456,"snivy #01 
.
gogo take your first pokemon 
.
link : 
. 
. 
#nft #nftcommmunity #nfts 
#nftcommunity #blockchain #cryptocurrency #cryptoartist #nftart #nftcollector #nftcollectors
#ethereum #pokemon #pokemongo #pokemonnft",0
457,current #doge price is $0.0672722 #dogecoin #crypto #tothemoon,1
458,"rt @lilieshomeg: mtv miaw twitter party 

17 mins left, lilies fighting!!

can you give us 127 rt &amp; replies

i vote for #mtvlakpoplisa
#mâ€¦",0
459,"rt @mylalisaya: @hmmlalisa lets work harder

i vote for #mtvlakpoplisa 
#mtvlafandomlisa 
#mtvlahitmoney at this year is #premiosmtvmiaw 
#lâ€¦",0
460,rt @aurelienohayon: #bitcoin is ready for a massive bull run.,1
461,"rt @ksntoken: trade ksn token on various trustworthy platforms including bscscan, pancakeswap, trust wallet, and more.
for more detailed inâ€¦",7
462,"@majelismuslimah  

trade #crypto, #commodities and #forex all in one place! 

generate your affiliate qr code for 20% profit share today! 

#bluebit from #bluesparrow! 

#gold #trading 
#bluesparrowcex31",0
463,"lots of effort we have put into this, show some support

#nfts #nftgiveaways #nftshill #nftdiscord #crypto #cryptocurrency #cryptocurrencies #freemint #freemintnft #bitcoin #solana #solananfts #binance #bnb #btc #ethereum #eth #btcs #elonmusk #twitter",7
464,"rt @metablackmoon: 10.000$ busd giveaway 

we are giving away 10.000 busd to 20 lucky winners (500 busd for each one)  #nft #cryptocurreâ€¦",0
465,rt @ceek: check out randi zuckerberg with #ceek #vrheadset looks like sheâ€™s ready for the #metaverse are you? get your headset at,7
466,"@chaba_one @printszehun happy monday

i vote for #mtvlakpoplisa 
#mtvlafandomlisa 
#mtvlahitmoney at this year is #premiosmtvmiaw2022 
#lisa #lalisa #money",0
467,"rt @rasta_samuraii: $puli, with amazing and functional nfts in puli runner games @puli_token #pulitoken #puli

linktree:",7
468,"rt @tradingmotives: all premium weekly #tradingmotives reports posted
#trading opportunities &amp; updates
#crypto #bitcoin #ada #eth #solana #â€¦",0
469,rt @ameliaztweets: #dogecoin  just hodl,2
470,"@nft_drop_here_ #feenixv2 platform will serve as a gaming hub offering the hottest blockchain games, nfts and host our exclusive p2e games to new and avid blockchain gamers alike.

#btcÂ Â Â #eth #p2e #web3 #nfts #gamefi #esports @projectfeenix #crypto #gamedev #games #indiedev #indiegame #altcoins",0
471,"rt @vrind01: top 6 #altcoins iâ€™m accumulating in this bear market:
1: #vechain;
2: #metis;
3: #avax;
4: #ada;
5: #egld;
6: #pyr 

excludingâ€¦",0
472,"rt @dewfinancials: the first digital #cryptocurrency you can mine on your phone!

pi makes #crypto mining easy and it is free for a limitedâ€¦",0
473,"rt @yuhelenyu: learn website development 
#ai #datasecurity #datascientist #dataanalytics #rstats #reactjs #iiot #flutter #javascript #javaâ€¦",0
474,rt @laprade_julie: lisa is the standard! she is the only person i see everyone using as a comparison trying to minimize her success. love thâ€¦,0
475,"rt @all_in_mcdoge_1: push love  #doge 

69

dang man, spaces ruggin' we need some starlink bandwidth in this place! #dogecoin to the moonâ€¦",0
476,you may purchase my ultrapunk #611 nft on rarible now  #ethereum #nftcollector #nftart #nfts #nft #ethereum #eth #hexican #pulsechain #hex #bitcoin #litecoin #solana #dogecoin #nftnyc #apecoin #dogecoin #punk,0
477,rt @bitcoinmagazine: new  russia prime minister: the time is now to integrate #bitcoin and crypto into our economy,1
478,"rt @lalisaindia_: #money by #lisa has now surpassed 45m charted streams on spotify india,enters top80 of the most streamed songs in @spotâ€¦",0
479,"@franklambeek #feenixv2 platform will serve as a gaming hub offering the hottest blockchain games, nfts and host our exclusive p2e games to new and avid blockchain gamers alike.

#btcÂ Â Â #eth #p2e #web3 #nfts #gamefi #esports @projectfeenix #crypto #gamedev #games #indiedev #indiegame #altcoins",0
480,"you are never fully dressed without a cap

â€¢ 80% acrylic, 20% wool

for more details visit 
 

#crypto #bitcoin #btc #bsc #erc #cryptolife #cryptoworld #cryptotee #cryptomeme #cryptotshirt #cryptorevolution #hoodie #hoodieshirt #cap #hat #wearcaps",0
481,"quote of the day

""art, like universe, half reveal 
 and half conceal the soul 
 within."" - by #abhihephaestus

#quote #poetry #nfts #nftcommunity #nftfam #altcoins #opensea",0
482,"@nibiruverseio my entry meme sir
@nibiruverseio 
#nibiruverse #kucoin #altcoins #cryptocurrency #airdrop #memecontest",7
483,"rt @evergreencoin_: the evergreencoin foundation, inc. is very proud to receive a gold seal of transparency from @guidestarusa! 



#publâ€¦",0
484,@peterschiff imagine if you believed in #bitcoin. now youâ€™re trapped. youâ€™ve railed against the only solution to your problem. if you use bitcoin now youâ€™ll lose all credibility.,3
485,"the #cpi for footwear, seasonally adjusted, increased 0.9% mom in may 2022 after -1.3% mom in apr 2022.
#inflation #economics #finance #forex #fx #investing #macro #economy #eurusd",1
486,"rt @lalisaindia_: #money by #lisa has now surpassed 45m charted streams on spotify india,enters top80 of the most streamed songs in @spotâ€¦",0
487,"rt @youngsternft: it looks like you liked the last giveaway so now i'm giving away $100 (in eth) to three people

to enter:
- follow meâ€¦",0
488,"$cad



 event: building permits 

 importance: high  
 when: 2022-07-05 13:30 gmt 
â³ in: 1d, 21h, 10m 

#audcad #cadchf #cadjpy #eurcad #gbpcad #nzdcad #usdcad 

#trading #forex #cad #news #trends",1
489,"rt @ferkjerbiden: not your keys, not your crypto - get a @ledger  

#gacc #macc #nfts #nftcommunity #cryptocurrency #eth #ethnfts #coldstâ€¦",0
490,"rt @lll2914: @forlalisa_th she is so cuteeeee

i vote for #mtvlakpoplisa #mtvlafandomlisa
#mtvlahitmoney at this year is #premiosmtvmiawÂ Â Â Â Â â€¦",0
491,"rt @thenuelgeek: shared some knowledge on #blockchain technology at the pioneer stem show.

out on @tvcnewsng soon. 
 #programming #web3 #bâ€¦",0
492,"rt @drops_ear: @mrbigwhalereal i mean, are not all #btcs and #altcoins holders bullish during current discount periods?
imagine how much youâ€¦",0
493,"closed buy eurusd 1.04239 for +3.1 pips, total for today +15.5 pips #forex #signals",0
494,factbox-the legitimacy crisis in libyaâ€™s political institutions  via fxempire #forex #fx,1
495,the only thing that #eth has going for it is #bsv #blockchaintechnology,1
496,"rt @trade_2022: #forexsignalservice #trade #traders
#forexsignalsservice #cryptocurrency
#trader #forexsignal #binary #forexsignalslive
#foâ€¦",0
497,"rt @oussamanova_: lfg  
let is make it happen @privatefoxes 

@kasmiyouness1 
#nftprojects #builders #toughtleader #nftnewâ€¦",0
498,"@isomild1 à¹‚à¸«à¸§à¸•à¸„à¹ˆà¸°
i vote for #mtvlakpoplisa #mtvlafandomlisa
#mtvlahitmoney at this year is #premiosmtvmiawÂ Â  

#lalisa #lisa #money",0
499,"the best part is you sign up free you get a $30 sign up bonus, on top of that you get a 100% deposit bonus, so if you deposit $20 you get another $20, now that is a total balance of $70 to trade with
  
#forex #sidehustle #djsbu #forextrading #tradingview",7
